排名,学校名称,国家,总分
1,哈佛大学,美国,100.0
2,斯坦福大学,美国,76.8
3,麻省理工学院,美国,71.2
4,剑桥大学,英国,68.6
5,加州大学-伯克利,美国,61.8
6,牛津大学,英国,61.0
7,普林斯顿大学,美国,59.4
8,哥伦比亚大学,美国,55.8
9,加州理工学院,美国,55.5
10,芝加哥大学,美国,54.2
11,耶鲁大学,美国,53.6
12,康奈尔大学,美国,49.8
13,巴黎萨克雷大学,法国,49.1
14,伦敦大学学院,英国,48.5
15,宾夕法尼亚大学,美国,48.5
16,加州大学-洛杉矶,美国,48.0
17,华盛顿大学,美国,46.2
18,清华大学,中国,46.0
19,约翰斯·霍普金斯大学,美国,45.5
20,加州大学-圣地亚哥,美国,45.3
21,加州大学-旧金山,美国,44.7
22,苏黎世联邦理工学院,瑞士,44.1
23,北京大学,中国,42.5
24,浙江大学,中国,42.0
25,多伦多大学,加拿大,41.5
26,帝国理工学院,英国,40.4
27,华盛顿大学-圣路易斯,美国,40.4
28,纽约大学,美国,38.9
29,洛克菲勒大学,美国,38.7
30,上海交通大学,中国,37.7
31,西北大学（埃文斯顿）,美国,37.5
32,东京大学,日本,37.5
33,密歇根大学-安娜堡,美国,37.4
34,巴黎文理大学,法国,37.3
35,哥本哈根大学,丹麦,37.2
36,威斯康星大学-麦迪逊,美国,36.4
37,爱丁堡大学,英国,35.7
38,墨尔本大学,澳大利亚,35.5
39,北卡罗来纳大学-教堂山,美国,35.0
40,中国科学技术大学,中国,34.9
41,复旦大学,中国,34.5
42,慕尼黑大学,德国,34.4
43,索邦大学,法国,34.3
44,洛桑联邦理工学院,瑞士,34.1
45,慕尼黑工业大学,德国,33.7
46,杜克大学,美国,33.6
47,京都大学,日本,33.6
48,曼彻斯特大学,英国,33.6
49,德克萨斯州大学-奥斯汀,美国,33.4
50,卡罗林斯卡学院,瑞典,32.9
51,海德堡大学,德国,32.7
52,明尼苏达大学-双城,美国,32.7
53,英属哥伦比亚大学,加拿大,32.3
54,伊利诺伊大学厄巴纳-香槟,美国,32.3
55,马里兰大学-大学城,美国,32.2
56,新加坡国立大学,新加坡,32.1
57,乌得勒支大学,荷兰,32.1
58,日内瓦大学,瑞士,31.9
59,德克萨斯大学西南医学中心,美国,31.9
60,巴黎西岱大学,法国,31.8
61,伦敦国王学院,英国,31.7
62,科罗拉多大学-博尔德,美国,30.9
63,范德堡大学,美国,30.9
64,苏黎世大学,瑞士,30.8
65,中山大学,中国,30.6
66,昆士兰大学,澳大利亚,30.6
67,香港大学,中国香港,30.5
68,波恩大学,德国,30.1
69,南加州大学,美国,30.1
70,加州大学-圣塔芭芭拉,美国,30.0
71,魏茨曼科学研究学院,以色列,29.7
72,悉尼大学,澳大利亚,29.2
73,华中科技大学,中国,29.0
74,格罗宁根大学,荷兰,29.0
75,南京大学,中国,28.8
76,鲁汶大学（佛兰德语）,比利时,28.6
77,麦吉尔大学,加拿大,28.6
78,莫纳什大学,澳大利亚,28.6
79,加州大学-欧文,美国,28.5
80,新南威尔士大学,澳大利亚,28.4
81,首尔大学,韩国,28.3
82,武汉大学,中国,28.3
83,俄亥俄州立大学-哥伦布,美国,28.2
84,奥斯陆大学,挪威,28.2
85,奥胡斯大学,丹麦,28.1
86,德克萨斯大学安德森肿瘤中心,美国,28.0
87,四川大学,中国,27.7
88,南洋理工大学,新加坡,27.4
89,耶路撒冷希伯来大学,以色列,27.4
90,匹兹堡大学,美国,27.4
91,根特大学,比利时,27.2
92,西安交通大学,中国,27.1
93,乌普萨拉大学,瑞典,27.0
94,巴塞尔大学,瑞士,26.8
95,赫尔辛基大学,芬兰,26.8
96,中南大学,中国,26.6
97,以色列理工学院,以色列,26.5
98,布里斯托大学,英国,26.4
99,香港城市大学,中国香港,26.3
100,斯德哥尔摩大学,瑞典,26.1
101,北京航空航天大学,中国,-
102,北京理工大学,中国,-
103,北京师范大学,中国,-
104,波士顿大学,美国,-
105,布朗大学,美国,-
106,卡内基梅隆大学,美国,-
107,埃莫里大学,美国,-
108,伊拉斯姆斯大学,荷兰,-
109,哈尔滨工业大学,中国,-
110,西奈山医学院,美国,-
111,印第安纳大学-布鲁明顿,美国,-
112,东京科学大学,日本,-
113,吉林大学,中国,-
114,沙特国王大学,沙特阿拉伯,-
115,莱顿大学,荷兰,-
116,隆德大学,瑞典,-
117,梅奥诊所医学与科学学院-明尼苏达,美国,-
118,麦克马斯特大学,加拿大,-
119,莫斯科国立大学,俄罗斯,-
120,名古屋大学,日本,-
121,西北工业大学,中国,-
122,宾夕法尼亚州立大学-帕克,美国,-
123,普渡大学-西拉法叶,美国,-
124,拉德堡德大学,荷兰,-
125,莱斯大学,美国,-
126,罗马大学,意大利,-
127,山东大学,中国,-
128,苏州大学,中国,-
129,华南理工大学,中国,-
130,东南大学,中国,-
131,南方科技大学,中国,-
132,澳大利亚国立大学,澳大利亚,-
133,香港中文大学,中国香港,-
134,华威大学,英国,-
135,西澳大学,澳大利亚,-
136,天津大学,中国,-
137,同济大学,中国,-
138,布鲁塞尔自由大学（法语）,比利时,-
139,阿尔伯塔大学,加拿大,-
140,阿姆斯特丹大学,荷兰,-
141,加州大学-戴维斯,美国,-
142,弗莱堡大学,德国,-
143,格拉斯哥大学,英国,-
144,洛桑大学,瑞士,-
145,利物浦大学,英国,-
146,诺丁汉大学,英国,-
147,圣保罗大学,巴西,-
148,斯特拉斯堡大学,法国,-
149,维也纳大学,奥地利,-
150,厦门大学,中国,-
151,艾克斯-马赛大学,法国,-
152,亚利桑那州立大学,美国,-
153,凯斯西储大学,美国,-
154,中国农业大学,中国,-
155,重庆大学,中国,-
156,大连理工大学,中国,-
157,代尔夫特理工大学,荷兰,-
158,佐治亚理工学院,美国,-
159,法兰克福大学,德国,-
160,湖南大学,中国,-
161,密歇根州立大学,美国,-
162,南开大学,中国,-
163,挪威科学技术大学,挪威,-
164,北京协和医学院,中国,-
165,罗格斯大学-新布朗斯维克,美国,-
166,成均馆大学,韩国,-
167,丹麦技术大学,丹麦,-
168,香港理工大学,中国香港,-
169,伦敦政治经济学院,英国,-
170,阿德雷德大学,澳大利亚,-
171,卡尔加里大学,加拿大,-
172,谢菲尔德大学,英国,-
173,格勒诺布尔阿尔卑斯大学,法国,-
174,亚利桑那大学,美国,-
175,巴塞罗那大学,西班牙,-
176,伯尔尼大学,瑞士,-
177,伯明翰大学,英国,-
178,加州大学-圣克鲁兹,美国,-
179,科隆大学,德国,-
180,电子科技大学,中国,-
181,埃克塞特大学,英国,-
182,佛罗里达大学,美国,-
183,哥廷根大学,德国,-
184,哥德堡大学,瑞典,-
185,利兹大学,英国,-
186,美因茨大学,德国,-
187,马萨诸塞大学医学院,美国,-
188,米兰大学,意大利,-
189,蒙彼利埃大学,法国,-
190,蒙特利尔大学,加拿大,-
191,明斯特大学,德国,-
192,帕多瓦大学,意大利,-
193,南安普敦大学,英国,-
194,图宾根大学,德国,-
195,犹他大学,美国,-
196,滑铁卢大学,加拿大,-
197,阿姆斯特丹自由大学,荷兰,-
198,瓦格宁根大学,荷兰,-
199,延世大学,韩国,-
200,郑州大学,中国,-
201,贝勒医学院,美国,-
202,北京化工大学,中国,-
203,北京工业大学,中国,-
204,首都医科大学,中国,-
205,卡迪夫大学,英国,-
206,鲁汶大学（法语）,比利时,-
207,中国地质大学（武汉）,中国,-
208,里昂第一大学,法国,-
209,科廷大学,澳大利亚,-
210,迪肯大学,澳大利亚,-
211,德累斯顿工业大学,德国,-
212,杜伦大学,英国,-
213,华东师范大学,中国,-
214,华东理工大学,中国,-
215,乔治梅森大学,美国,-
216,汉阳大学,韩国,-
217,杜塞尔多夫大学,德国,-
218,北海道大学,日本,-
219,华中农业大学,中国,-
220,巴黎理工学院 (IPP),法国,-
221,庆应义塾大学,日本,-
222,德国基尔大学,德国,-
223,阿卜杜拉国王科技大学,沙特阿拉伯,-
224,韩国科学技术院,韩国,-
225,高丽大学,韩国,-
226,皇家理工学院,瑞典,-
227,九州大学,日本,-
228,兰州大学,中国,-
229,伦敦大学卫生和热带医学学院,英国,-
230,麦考瑞大学,澳大利亚,-
231,维也纳医科大学,奥地利,-
232,南京农业大学,中国,-
233,南京医科大学,中国,-
234,南京航空航天大学,中国,-
235,南京理工大学,中国,-
236,墨西哥国立自治大学,墨西哥,-
237,台湾大学,中国台湾,-
238,纽卡斯尔大学（英国纽卡斯尔）,英国,-
239,北卡罗来纳州立大学-罗利,美国,-
240,东北大学（波士顿）,美国,-
241,东北大学（沈阳）,中国,-
242,西北农林科技大学,中国,-
243,俄勒冈健康与科学大学,美国,-
244,俄勒冈州立大学,美国,-
245,大阪大学,日本,-
246,伦敦玛丽女王大学,英国,-
247,女王大学,加拿大,-
248,波鸿鲁尔大学,德国,-
249,亚琛工业大学,德国,-
250,上海大学,中国,-
251,深圳大学,中国,-
252,南方医科大学,中国,-
253,斯威本科技大学,澳大利亚,-
254,柏林工业大学,德国,-
255,特拉维夫大学,以色列,-
256,德州农工大学,美国,-
257,香港科技大学,中国香港,-
258,奥克兰大学（新西兰）,新西兰,-
259,田纳西大学-诺克斯维尔,美国,-
260,德克萨斯大学卫生科学中心-休斯顿,美国,-
261,东北大学（仙台）,日本,-
262,都柏林三一学院,爱尔兰,-
263,塔夫茨大学,美国,-
264,阿伯丁大学,英国,-
265,卑尔根大学,挪威,-
266,博洛尼亚大学,意大利,-
267,波尔多大学,法国,-
268,布宜诺斯艾利斯大学,阿根廷,-
269,加州大学-河滨,美国,-
270,开普敦大学,南非,-
271,科罗拉多大学-丹佛,美国,-
272,康涅狄格大学,美国,-
273,特拉华大学,美国,-
274,埃尔朗根-纽伦堡大学,德国,-
275,汉堡大学,德国,-
276,休斯顿大学,美国,-
277,因斯布鲁克大学,奥地利,-
278,莱比锡大学,德国,-
279,里斯本大学,葡萄牙,-
280,洛林大学,法国,-
281,马萨诸塞大学-阿默斯特,美国,-
282,密苏里大学-哥伦比亚,美国,-
283,那不勒斯腓特烈二世大学,意大利,-
284,渥太华大学,加拿大,-
285,比萨大学,意大利,-
286,波尔图大学,葡萄牙,-
287,罗切斯特大学,美国,-
288,北京科技大学,中国,-
289,苏赛克斯大学,英国,-
290,悉尼科技大学,澳大利亚,-
291,金山大学,南非,-
292,筑波大学,日本,-
293,都灵大学,意大利,-
294,巴伦西亚大学,西班牙,-
295,弗吉尼亚大学,美国,-
296,维尔茨堡大学,德国,-
297,约克大学（约克）,英国,-
298,维也纳工业大学,奥地利,-
299,弗吉尼亚理工大学,美国,-
300,武汉理工大学,中国,-
301,奥尔堡大学,丹麦,-
302,阿尔伯特·爱因斯坦医学院,美国,-
303,安徽大学,中国,-
304,巴塞罗那自治大学,西班牙,-
305,马德里自治大学,西班牙,-
306,内盖夫本·古里安大学,以色列,-
307,布兰迪斯大学,美国,-
308,查尔姆斯理工大学,瑞典,-
309,查理大学,捷克,-
310,中国石油大学（华东）,中国,-
311,科罗拉多州立大学,美国,-
312,马德里康普顿斯大学,西班牙,-
313,达尔豪斯大学,加拿大,-
314,达特茅斯学院,美国,-
315,里昂高等师范学校,法国,-
316,埃因霍温工业大学,荷兰,-
317,佛罗里达州立大学,美国,-
318,福建医科大学,中国,-
319,福州大学,中国,-
320,乔治华盛顿大学,美国,-
321,格里菲思大学,澳大利亚,-
322,广东工业大学,中国,-
323,广西大学,中国,-
324,广州医科大学,中国,-
325,河南大学,中国,-
326,江南大学,中国,-
327,江苏大学,中国,-
328,暨南大学,中国,-
329,卡尔斯鲁厄理工学院,德国,-
330,昆明理工大学,中国,-
331,庆熙大学,韩国,-
332,乐卓博大学,澳大利亚,-
333,兰卡斯特大学,英国,-
334,拉瓦尔大学,加拿大,-
335,林雪平大学,瑞典,-
336,马斯特里赫特大学,荷兰,-
337,南昌大学,中国,-
338,南京工业大学,中国,-
339,南京信息工程大学,中国,-
340,南京邮电大学,中国,-
341,中国海洋大学,中国,-
342,图卢兹第三大学,法国,-
343,浦项理工大学,韩国,-
344,米兰理工大学,意大利,-
345,庞培法布拉大学,西班牙,-
346,努拉·宾特·阿卜杜勒·拉赫曼公主大学,沙特阿拉伯,-
347,青岛大学,中国,-
348,贝尔法斯特女王大学,英国,-
349,昆士兰科技大学,澳大利亚,-
350,中国人民大学,中国,-
351,皇家墨尔本理工大学,澳大利亚,-
352,上海科技大学,中国,-
353,华南农业大学,中国,-
354,西南交通大学,中国,-
355,纽约州立大学-石溪,美国,-
356,佐治亚大学,美国,-
357,蔚山科学技术院,韩国,-
358,科克大学,爱尔兰,-
359,都柏林大学学院,爱尔兰,-
360,阿拉巴马大学-伯明翰,美国,-
361,安特卫普大学,比利时,-
362,辛辛那提大学,美国,-
363,杜伊斯堡-埃森大学,德国,-
364,邓迪大学,英国,-
365,东英吉利大学,英国,-
366,佛罗伦萨大学,意大利,-
367,热那亚大学,意大利,-
368,格拉纳达大学,西班牙,-
369,夏威夷大学-马诺阿,美国,-
370,爱荷华大学,美国,-
371,堪萨斯大学-劳伦斯,美国,-
372,肯塔基大学,美国,-
373,莱斯特大学,英国,-
374,澳门大学,中国澳门,-
375,曼尼托巴大学,加拿大,-
376,马尔堡大学,德国,-
377,迈阿密大学,美国,-
378,米兰比可卡大学,意大利,-
379,内布拉斯加大学-林肯,美国,-
380,圣母大学,美国,-
381,波茨坦大学,德国,-
382,上海理工大学,中国,-
383,南丹麦大学,丹麦,-
384,圣安德鲁斯大学,英国,-
385,斯图加特大学,德国,-
386,塔斯马尼亚大学,澳大利亚,-
387,巴斯克大学,西班牙,-
388,特伦托大学,意大利,-
389,乌尔姆大学,德国,-
390,维多利亚大学（加拿大）,加拿大,-
391,伍伦贡大学,澳大利亚,-
392,弗吉尼亚联邦（州立）大学,美国,-
393,布鲁塞尔自由大学（佛兰德语）,比利时,-
394,西悉尼大学,澳大利亚,-
395,韦仕敦大学,加拿大,-
396,西湖大学,中国,-
397,西安电子科技大学,中国,-
398,扬州大学,中国,-
399,云南大学,中国,-
400,浙江工业大学,中国,-
401,阿尔托大学,芬兰,-
402,安徽医科大学,中国,-
403,开罗大学,埃及,-
404,圣心天主教大学,意大利,-
405,中国医药大学,中国台湾,-
406,中国地质大学（北京）,中国,-
407,中国矿业大学,中国,-
408,纽约城市大学研究生院和大学中心,美国,-
409,东华大学,中国,-
410,弗林德斯大学,澳大利亚,-
411,福建农林大学,中国,-
412,乔治城大学,美国,-
413,广州大学,中国,-
414,贵州大学,中国,-
415,海南大学,中国,-
416,汉诺威医学院,德国,-
417,合肥工业大学,中国,-
418,广岛大学,日本,-
419,河海大学,中国,-
420,印第安纳大学-印第安纳波利斯,美国,-
421,爱荷华州立大学,美国,-
422,詹姆斯库克大学,澳大利亚,-
423,哈立德国王大学,沙特阿拉伯,-
424,庆北大学,韩国,-
425,汉诺威大学,德国,-
426,路易斯安娜州立大学-巴吞鲁日,美国,-
427,澳门科技大学,中国澳门,-
428,马萨里克大学,捷克,-
429,格拉茨医科大学,奥地利,-
430,因斯布鲁克医科大学,奥地利,-
431,南京师范大学,中国,-
432,南京中医药大学,中国,-
433,台湾成功大学,中国台湾,-
434,台湾清华大学,中国台湾,-
435,中国人民解放军国防科技大学,中国,-
436,台湾阳明交通大学,中国台湾,-
437,宁波大学,中国,-
438,西北大学（西安）,中国,-
439,冲绳科学技术大学院大学,日本,-
440,大阪公立大学,日本,-
441,瓦伦西亚理工大学,西班牙,-
442,釜山大学,韩国,-
443,萨尔大学,德国,-
444,圣保罗州立大学,巴西,-
445,世宗大学,韩国,-
446,西蒙菲莎大学,加拿大,-
447,华南师范大学,中国,-
448,西南大学,中国,-
449,圣彼得堡国立大学,俄罗斯,-
450,斯坦陵布什大学,南非,-
451,瑞典农业科学大学,瑞典,-
452,达姆施塔特工业大学,德国,-
453,德黑兰医科大学,伊朗,-
454,天普大学,美国,-
455,香港中文大学（深圳）,中国,-
456,纽卡斯尔大学（澳大利亚纽卡斯尔）,澳大利亚,-
457,雷丁大学,英国,-
458,德克萨斯大学-达拉斯,美国,-
459,图卢兹第一大学,法国,-
460,于默奥大学,瑞典,-
461,阿威罗大学,葡萄牙,-
462,巴里大学,意大利,-
463,巴思大学,英国,-
464,拜罗伊特大学,德国,-
465,贝尔格莱德大学,塞尔维亚,-
466,坎皮纳斯州立大学,巴西,-
467,坎特伯雷大学,新西兰,-
468,中佛罗里达大学,美国,-
469,蔚蓝海岸大学,法国,-
470,艾塞克斯大学,英国,-
471,伊利诺大学-芝加哥,美国,-
472,耶拿大学,德国,-
473,肯特大学,英国,-
474,康斯坦茨大学,德国,-
475,列日大学,比利时,-
476,里尔大学,法国,-
477,马里兰大学-巴尔的摩,美国,-
478,俄克拉荷马大学-诺曼,美国,-
479,奥塔哥大学,新西兰,-
480,奥卢大学,芬兰,-
481,帕维亚大学,意大利,-
482,雷根斯堡大学,德国,-
483,雷恩大学,法国,-
484,罗马第二大学,意大利,-
485,萨斯喀彻温大学,加拿大,-
486,塞维利亚大学,西班牙,-
487,南澳大学,澳大利亚,-
488,南卡罗来纳大学-哥伦比亚,美国,-
489,南佛罗里达大学,美国,-
490,萨里大学,英国,-
491,塞格德大学,匈牙利,-
492,德黑兰大学,伊朗,-
493,图尔库大学,芬兰,-
494,佛蒙特大学,美国,-
495,维罗纳大学,意大利,-
496,华沙大学,波兰,-
497,惠灵顿维多利亚大学,新西兰,-
498,圣拉斐尔生命健康大学,意大利,-
499,华盛顿州立大学-普尔曼,美国,-
500,温州医科大学,中国,-
501,亚历山大大学,埃及,-
502,塞萨洛尼基亚里士多德大学,希腊,-
503,奥本大学,美国,-
504,威尔士班戈大学,英国,-
505,巴依兰大学,以色列,-
506,北京交通大学,中国,-
507,波士顿学院,美国,-
508,卡尔顿大学,加拿大,-
509,华中师范大学,中国,-
510,常州大学,中国,-
511,中国石油大学（北京）,中国,-
512,重庆医科大学,中国,-
513,德雷塞尔大学,美国,-
514,罗兰大学,匈牙利,-
515,米纳斯吉拉斯联邦大学,巴西,-
516,里约热内卢联邦大学,巴西,-
517,福建师范大学,中国,-
518,杭州电子科技大学,中国,-
519,杭州师范大学,中国,-
520,哈尔滨工程大学,中国,-
521,河北大学,中国,-
522,河北工业大学,中国,-
523,印度科学理工学院,印度,-
524,伊斯坦布尔大学,土耳其,-
525,克拉科夫雅盖隆大学,波兰,-
526,江苏科技大学,中国,-
527,阿卜杜勒阿齐兹国王大学,沙特阿拉伯,-
528,神户大学,日本,-
529,威斯康星医学院,美国,-
530,南卡罗来纳医科大学,美国,-
531,默多克大学,澳大利亚,-
532,南京林业大学,中国,-
533,雅典大学,希腊,-
534,墨西哥国立理工学院,墨西哥,-
535,台湾中山大学,中国台湾,-
536,华北电力大学,中国,-
537,东北农业大学,中国,-
538,东北师范大学,中国,-
539,北亚利桑那大学,美国,-
540,冈山大学,日本,-
541,智利天主教大学,智利,-
542,卡塔尔大学,卡塔尔,-
543,圣路易斯大学,美国,-
544,圣地亚哥州立大学,美国,-
545,陕西师范大学,中国,-
546,山东农业大学,中国,-
547,山东科技大学,中国,-
548,山西大学,中国,-
549,坦佩雷大学,芬兰,-
550,得克萨斯理工大学,美国,-
551,纽约市立大学-城市学院,美国,-
552,新墨西哥大学-阿尔伯克基,美国,-
553,德克萨斯大学卫生科学中心-圣安东尼奥,美国,-
554,德克萨斯大学医学部-加尔维斯顿,美国,-
555,天津医科大学,中国,-
556,杜兰大学,美国,-
557,特罗姆瑟大学,挪威,-
558,纽约州立大学-布法罗,美国,-
559,阿肯色大学-菲耶特维勒,美国,-
560,不来梅大学,德国,-
561,加州大学-默塞德,美国,-
562,那不勒斯第二大学,意大利,-
563,卡塔尼亚大学,意大利,-
564,智利大学,智利,-
565,科英布拉大学,葡萄牙,-
566,弗里堡大学,瑞士,-
567,爱尔兰国立大学高威,爱尔兰,-
568,吉森大学,德国,-
569,圭尔夫大学,加拿大,-
570,哈勒-维滕贝格大学,德国,-
571,约翰内斯堡大学,南非,-
572,卢布尔雅那大学,斯洛文尼亚,-
573,吕贝克大学,德国,-
574,缅因大学-奥罗诺,美国,-
575,米尼奥大学,葡萄牙,-
576,南特大学,法国,-
577,纳瓦拉大学,西班牙,-
578,内华达大学-拉斯维加斯,美国,-
579,内华达大学-里诺,美国,-
580,俄勒冈大学,美国,-
581,帕尔玛大学,意大利,-
582,佩鲁贾大学,意大利,-
583,比勒陀利亚大学,南非,-
584,罗斯托克大学,德国,-
585,西班牙萨拉曼卡大学,西班牙,-
586,圣地亚哥德孔波斯特拉大学,西班牙,-
587,塔尔图大学,爱沙尼亚,-
588,特文特大学,荷兰,-
589,蔚山大学,韩国,-
590,萨拉戈萨大学,西班牙,-
591,犹他州立大学,美国,-
592,印度韦洛尔科技大学,印度,-
593,威尔纽斯大学,立陶宛,-
594,维克森林大学,美国,-
595,温州大学,中国,-
596,西弗吉尼亚大学,美国,-
597,西安理工大学,中国,-
598,燕山大学,中国,-
599,韩国岭南大学,韩国,-
600,浙江理工大学,中国,-
601,亚的斯亚贝巴大学,埃塞俄比亚,-
602,艾因夏姆斯大学,埃及,-
603,中国人民解放军空军军医大学,中国,-
604,澳大利亚天主教大学,澳大利亚,-
605,贝勒大学,美国,-
606,北京林业大学,中国,-
607,北京工商大学,中国,-
608,纽约州立大学宾汉姆顿大学,美国,-
609,布雷西亚大学,意大利,-
610,布鲁内尔大学,英国,-
611,长庚大学,中国台湾,-
612,长安大学,中国,-
613,成都理工大学,中国,-
614,千叶大学,日本,-
615,中国医科大学,中国,-
616,中国矿业大学（北京）,中国,-
617,全南大学,韩国,-
618,朱拉隆功大学,泰国,-
619,克莱姆森大学,美国,-
620,科罗拉多矿业大学,美国,-
621,肯考迪娅大学,加拿大,-
622,大连海事大学,中国,-
623,梨花女子大学,韩国,-
624,南大河州联邦大学,巴西,-
625,圣卡塔琳娜州联邦大学,巴西,-
626,佛罗里达国际大学,美国,-
627,佐治亚州立大学,美国,-
628,格拉茨技术大学,奥地利,-
629,河南科技大学,中国,-
630,霍米·巴巴国立学院,印度,-
631,香港浸会大学,中国香港,-
632,湖南师范大学,中国,-
633,印度理工学院-德里,印度,-
634,印度理工学院-坎普尔,印度,-
635,仁荷大学,韩国,-
636,堪萨斯州立大学,美国,-
637,哈立法大学,阿联酋,-
638,兰州理工大学,中国,-
639,黎巴嫩美国大学,黎巴嫩,-
640,利物浦约翰摩尔斯大学,英国,-
641,玛希隆大学,泰国,-
642,曼彻斯特城市大学,英国,-
643,曼苏尔大学,埃及,-
644,马尔凯理工大学,意大利,-
645,密西西比州立大学,美国,-
646,莫斯科物理技术学院,俄罗斯,-
647,南通大学,中国,-
648,中国人民解放军海军军医大学,中国,-
649,东北林业大学,中国,-
650,马德里理工大学,西班牙,-
651,都灵理工大学,意大利,-
652,齐鲁工业大学,中国,-
653,青岛科技大学,中国,-
654,伦斯勒理工学院,美国,-
655,拉什大学,美国,-
656,萨维沙大学,印度,-
657,塞梅维什大学,匈牙利,-
658,山东第一医科大学,中国,-
659,上海师范大学,中国,-
660,上海海洋大学,中国,-
661,西南石油大学,中国,-
662,塔伊夫大学,沙特阿拉伯,-
663,太原理工大学,中国,-
664,布伦瑞克工业大学,德国,-
665,多特蒙德工业大学,德国,-
666,托马斯杰斐逊大学,美国,-
667,提契诺大学,瑞士,-
668,阿利坎特大学,西班牙,-
669,奥格斯堡大学,德国,-
670,勃艮第-欧洲大学,法国,-
671,德里大学,印度,-
672,东芬兰大学,芬兰,-
673,费拉拉大学,意大利,-
674,卡尔·弗朗岑斯格拉茨大学,奥地利,-
675,海法大学,以色列,-
676,土耳其健康科学大学,土耳其,-
677,冰岛大学,冰岛,-
678,夸祖鲁-纳塔尔大学,南非,-
679,路易斯维尔大学,美国,-
680,卢森堡大学,卢森堡,-
681,马来亚大学,马来西亚,-
682,穆尔西亚大学,西班牙,-
683,维也纳农业大学,奥地利,-
684,新罕布什尔大学-达勒姆,美国,-
685,北德克萨斯州大学,美国,-
686,奥尔登堡大学,德国,-
687,奥维耶多大学,西班牙,-
688,萨勒诺大学,意大利,-
689,锡耶纳大学,意大利,-
690,南昆士兰大学,澳大利亚,-
691,托莱多大学,美国,-
692,的里雅斯特大学,意大利,-
693,怀俄明大学,美国,-
694,萨格勒布大学,克罗地亚,-
695,罗维拉-威尔吉利大学,西班牙,-
696,韦恩州立大学,美国,-
697,新疆大学,中国,-
698,约克大学（多伦多）,加拿大,-
699,浙江中医药大学,中国,-
700,浙江师范大学,中国,-
701,艾资哈尔大学,埃及,-
702,安徽农业大学,中国,-
703,安卡拉大学,土耳其,-
704,中国人民解放军陆军军医大学,中国,-
705,北京邮电大学,中国,-
706,比勒费尔德大学,德国,-
707,杨百翰大学-普罗沃,美国,-
708,中国药科大学,中国,-
709,重庆邮电大学,中国,-
710,中央大学（首尔）,韩国,-
711,忠北大学,韩国,-
712,忠南大学,韩国,-
713,伦敦大学城市圣乔治学院,英国,-
714,伊斯兰堡COMSATS大学,巴基斯坦,-
715,哥本哈根商学院,丹麦,-
716,巴拉那联邦大学,巴西,-
717,圣玛丽亚联邦大学,巴西,-
718,圣保罗联邦大学,巴西,-
719,嘉泉大学,韩国,-
720,广西师范大学,中国,-
721,哈西德佩大学,土耳其,-
722,翰林大学,韩国,-
723,哈尔滨医科大学,中国,-
724,河北医科大学,中国,-
725,河南师范大学,中国,-
726,赫瑞瓦特大学,英国,-
727,湖北大学,中国,-
728,仁爱大学,意大利,-
729,印度理工学院-马德拉斯,印度,-
730,伊斯坦布尔大学-塞拉帕萨,土耳其,-
731,全北国立大学,韩国,-
732,江西师范大学,中国,-
733,江原大学,韩国,-
734,肯特州立大学,美国,-
735,近畿大学,日本,-
736,法赫德国王石油矿产大学,沙特阿拉伯,-
737,北里大学,日本,-
738,科克大学（土耳其）,土耳其,-
739,吕勒奥理工大学,瑞典,-
740,纽芬兰纪念大学,加拿大,-
741,台湾科技大学,中国台湾,-
742,马来西亚国立大学,马来西亚,-
743,诺森比亚大学,英国,-
744,西北大学（波切斯卓姆）,南非,-
745,挪威生命科学大学,挪威,-
746,新里斯本大学,葡萄牙,-
747,俄克拉荷马州立大学,美国,-
748,帕拉茨基大学,捷克,-
749,巴黎东大学,法国,-
750,加泰罗尼亚理工大学,西班牙,-
751,罗宾阿卜杜勒阿齐兹王子大学,沙特阿拉伯,-
752,比萨高等师范学校,意大利,-
753,汕头大学,中国,-
754,山西医科大学,中国,-
755,信州大学,日本,-
756,南卫理公会大学,美国,-
757,西南财经大学,中国,-
758,斯里纳玛斯旺纪念大学,印度,-
759,斯德哥尔摩经济学院,瑞典,-
760,纽约州立大学卫生科学中心-布鲁克林,美国,-
761,苏州科技大学,中国,-
762,斯旺西大学,英国,-
763,塔比阿特莫达勒斯大学,伊朗,-
764,阿拉巴马大学,美国,-
765,德克萨斯大学-阿灵顿,美国,-
766,德克萨斯大学-圣安东尼奥,美国,-
767,怀卡托大学,新西兰,-
768,天津工业大学,中国,-
769,天津理工大学,中国,-
770,蒂尔堡大学,荷兰,-
771,阿拉伯联合酋长国大学,阿联酋,-
772,纽约州立大学-奥尔巴尼,美国,-
773,阿尔卡拉大学,西班牙,-
774,巴西利亚大学,巴西,-
775,卡拉布里亚大学,意大利,-
776,坎塔布里亚大学,西班牙,-
777,克莱蒙-奥弗涅大学,法国,-
778,埃斯特雷马杜拉大学,西班牙,-
779,格林威治大学,英国,-
780,济南大学,中国,-
781,于韦斯屈莱大学,芬兰,-
782,拉拉古纳大学,西班牙,-
783,利默里克大学,爱尔兰,-
784,曼海姆大学,德国,-
785,马里兰大学-巴尔的摩县,美国,-
786,巴勒莫大学（意大利）,意大利,-
787,普利茅斯大学,英国,-
788,魁北克大学-蒙特利尔,加拿大,-
789,马来西亚理科大学,马来西亚,-
790,谢布鲁克大学,加拿大,-
791,南华大学,中国,-
792,斯特灵大学,英国,-
793,斯特拉思克莱德大学,英国,-
794,巴利阿里群岛大学,西班牙,-
795,旁遮普大学（巴基斯坦）,巴基斯坦,-
796,早稻田大学,日本,-
797,武汉工程大学,中国,-
798,武汉科技大学,中国,-
799,湘潭大学,中国,-
800,徐州医科大学,中国,-
801,波兰克拉科夫AGH科技大学,波兰,-
802,安徽师范大学,中国,-
803,奥古斯塔大学,美国,-
804,伦敦大学伯贝克学院,英国,-
805,布鲁克大学,加拿大,-
806,布达佩斯技术与经济大学,匈牙利,-
807,首都师范大学,中国,-
808,中央财经大学,中国,-
809,长沙理工大学,中国,-
810,成都大学,中国,-
811,清迈大学,泰国,-
812,克兰菲尔德大学,英国,-
813,捷克技术大学,捷克,-
814,捷克生命科学大学,捷克,-
815,东莞理工学院,中国,-
816,埃迪斯科文大学,澳大利亚,-
817,爱琴海大学,土耳其,-
818,圣卡洛斯联邦大学,巴西,-
819,维索萨联邦大学,巴西,-
820,广西医科大学,中国,-
821,广州中医药大学,中国,-
822,黑龙江大学,中国,-
823,俄罗斯国家研究型高等经济大学,俄罗斯,-
824,印度理工学院-孟买,印度,-
825,印度理工学院-卡哈拉格普尔,印度,-
826,印度理工学院-鲁尔基,印度,-
827,国立图卢兹应用科学学院,法国,-
828,伊斯坦布尔科技大学,土耳其,-
829,林茨大学,奥地利,-
830,金泽大学,日本,-
831,沙特费萨尔国王大学,沙特阿拉伯,-
832,建国大学,韩国,-
833,拉夫堡大学,英国,-
834,曼尼帕大学,印度,-
835,梅西大学,新西兰,-
836,梅努斯大学,爱尔兰,-
837,蒙大拿州立大学-勃兹曼,美国,-
838,长崎大学,日本,-
839,台湾中央大学,中国台湾,-
840,台湾中兴大学,中国台湾,-
841,哥伦比亚国立大学,哥伦比亚,-
842,新泽西理工学院,美国,-
843,纽约大学阿布扎比分校,阿联酋,-
844,华北水利水电大学,中国,-
845,中北大学,中国,-
846,诺丁汉特伦特大学,英国,-
847,俄亥俄大学-雅典,美国,-
848,欧道明大学,美国,-
849,巴里理工大学,意大利,-
850,卡西姆大学,沙特阿拉伯,-
851,青岛农业大学,中国,-
852,伦敦大学皇家霍洛威学院,英国,-
853,萨伊德比赫什蒂医科大学,伊朗,-
854,山东师范大学,中国,-
855,上海财经大学,中国,-
856,上海中医药大学,中国,-
857,谢里夫理工大学,伊朗,-
858,沈阳药科大学,中国,-
859,四川农业大学,中国,-
860,斯科尔科沃科学技术学院,俄罗斯,-
861,雪城大学,美国,-
862,台北医学大学,中国台湾,-
863,韩国天主教大学,韩国,-
864,香港教育大学,中国香港,-
865,综合研究大学院大学,日本,-
866,皇家兽医学院,英国,-
867,德克萨斯大学-埃尔帕索,美国,-
868,东京理科大学,日本,-
869,阿尔斯特大学,英国,-
870,安蒂奥基亚大学,哥伦比亚,-
871,卡利亚里大学,意大利,-
872,克里特大学,希腊,-
873,塞浦路斯大学,塞浦路斯,-
874,赫特福德大学,英国,-
875,赫尔大学,英国,-
876,哈恩大学,西班牙,-
877,卡塞尔大学,德国,-
878,莱里达大学,西班牙,-
879,马格德堡大学,德国,-
880,马拉加大学,西班牙,-
881,墨西拿大学,意大利,-
882,密苏里大学-堪萨斯,美国,-
883,摩德纳-雷焦·艾米里亚大学,意大利,-
884,内布拉斯加大学医学中心,美国,-
885,俄克拉何马大学健康科学中心,美国,-
886,普瓦捷大学,法国,-
887,罗德岛大学,美国,-
888,南非大学,南非,-
889,阳光海岸大学,澳大利亚,-
890,凡尔赛大学,法国,-
891,维戈大学,西班牙,-
892,威斯康星大学-密尔沃基,美国,-
893,博特拉大学,马来西亚,-
894,萨瓦大学,法国,-
895,乌拉尔联邦大学,俄罗斯,-
896,西交利物浦大学,中国,-
897,西安建筑科技大学,中国,-
898,长江大学,中国,-
899,烟台大学,中国,-
900,浙江农林大学,中国,-
901,波兹南密茨凯维奇大学,波兰,-
902,亚洲大学（水原）,韩国,-
903,沙特伊斯兰大学,沙特阿拉伯,-
904,阿默斯特学院,美国,-
905,安徽理工大学,中国,-
906,阿塔图尔克大学,土耳其,-
907,奥克兰理工大学,新西兰,-
908,贝拿勒斯印度教大学,印度,-
909,马德里卡洛斯三世大学,西班牙,-
910,成都中医药大学,中国,-
911,中国计量大学,中国,-
912,布拉迪斯拉发夸美纽斯大学,斯洛伐克,-
913,大连医科大学,中国,-
914,东国大学,韩国,-
915,巴伊亚联邦大学,巴西,-
916,塞阿拉联邦大学,巴西,-
917,佩洛塔斯联邦大学,巴西,-
918,伯南布哥州联邦大学,巴西,-
919,波尔扎诺自由大学,意大利,-
920,甘肃农业大学,中国,-
921,嘎子大学,土耳其,-
922,庆尚大学,韩国,-
923,海南医科大学,中国,-
924,汉堡-哈尔堡工业大学,德国,-
925,浙大城市学院,中国,-
926,杭州医学院,中国,-
927,哈桑二世卡萨布兰卡大学,摩洛哥,-
928,河北师范大学,中国,-
929,河南农业大学,中国,-
930,河南理工大学,中国,-
931,华侨大学,中国,-
932,湖南农业大学,中国,-
933,伊朗医科大学,伊朗,-
934,海梅一世大学,西班牙,-
935,吉赞大学,沙特阿拉伯,-
936,吉林农业大学,中国,-
937,顺天堂大学,日本,-
938,高雄医学大学,中国台湾,-
939,熊本大学,日本,-
940,昆明医科大学,中国,-
941,理海大学,美国,-
942,聊城大学,中国,-
943,岭南大学,中国香港,-
944,林奈大学,瑞典,-
945,芝加哥洛约拉大学,美国,-
946,马尔马拉大学,土耳其,-
947,密歇根理工大学,美国,-
948,南京财经大学,中国,-
949,哥白尼大学,波兰,-
950,宁夏大学,中国,-
951,北达科他州立大学,美国,-
952,新西伯利亚国立大学,俄罗斯,-
953,厄勒布鲁大学,瑞典,-
954,釜庆大学,韩国,-
955,爱尔兰皇家外科学院,爱尔兰,-
956,里约热内卢州立大学,巴西,-
957,罗马第三大学,意大利,-
958,罗格斯大学-纽瓦克,美国,-
959,陕西科技大学,中国,-
960,山东理工大学,中国,-
961,石河子大学,中国,-
962,西南医科大学,中国,-
963,西南科技大学,中国,-
964,太原科技大学,中国,-
965,巴哈瓦尔布尔伊斯兰大学,巴基斯坦,-
966,英国开放大学,英国,-
967,德岛大学,日本,-
968,东京农工大学,日本,-
969,乌尔库拉大学,沙特阿拉伯,-
970,阿拉斯加大学-费尔班克斯,美国,-
971,阿肯色大学医学院,美国,-
972,贝拉英特拉大学,葡萄牙,-
973,加的斯大学,西班牙,-
974,加尔各答大学,印度,-
975,卡斯蒂利亚拉曼查大学,西班牙,-
976,中央兰开夏大学,英国,-
977,基耶地-佩斯卡拉大学,意大利,-
978,科尔多瓦大学,西班牙,-
979,皮埃蒙特东方大学,意大利,-
980,加纳大学,加纳,-
981,赫罗纳大学,西班牙,-
982,霍恩海姆大学,德国,-
983,对外经济贸易大学,中国,-
984,拉合尔大学,巴基斯坦,-
985,加那利群岛拉斯帕尔马斯大学,西班牙,-
986,新不伦瑞克大学,加拿大,-
987,帕特雷大学,希腊,-
988,皮卡第儒勒-凡尔纳大学,法国,-
989,朴次茅斯大学,英国,-
990,里贾纳大学,加拿大,-
991,沙迦大学,阿联酋,-
992,田纳西大学健康科学中心,美国,-
993,温莎大学,加拿大,-
994,伍珀塔尔大学,德国,-
995,华沙理工大学,波兰,-
996,弗罗茨瓦夫理工大学,波兰,-
997,西安科技大学,中国,-
998,横滨市立大学,日本,-
999,扎加齐克大学,埃及,-
1000,中南财经政法大学,中国,-
